Time, s;Throttle, %;Current, A;Battery voltage, V;Power consumption, A*h;CPU/MOSFET temperature, *C;Output power, %;Phase current, A;BEC voltage, V;Electrical power, W;Motor RPM;Errors
20,1;0,0;0,3;0,2;0,001;27 (TMSF);0,0;0,3;0,0;0,1;0;THRT
21,2;0,0;0,2;0,2;0,001;27 (TMSF);0,0;0,2;0,0;0,0;0;THRT
22,3;0,0;0,2;0,2;0,001;27 (TMSF);0,0;0,2;0,0;0,0;0;THRT
23,9;0,0;0,3;0,2;0,001;27 (TMSF);0,0;0,3;0,0;0,1;0;THRT
25,1;0,0;0,2;0,2;0,001;27 (TMSF);0,0;0,2;0,0;0,0;0;THRT
30,2;0,0;0,2;0,2;0,002;27 (TMSF);0,0;0,2;0,0;0,0;0;THRT
32,3;0,0;0,1;0,2;0,002;27 (TMSF);0,0;0,1;0,0;0,0;0;THRT
33,4;0,0;0,2;0,2;0,002;27 (TMSF);0,0;0,2;0,0;0,0;0;THRT
37,4;0,0;0,1;0,2;0,002;27 (TMSF);0,0;0,1;0,0;0,0;0;THRT
38,5;0,0;0,2;0,2;0,002;27 (TMSF);0,0;0,2;0,0;0,0;0;THRT
ESC RESET;--;--;--;SN: 0x220004cb;BL: 25;FW: 16;--;--;--;--;OK
42,7;0,0;0,1;22,6;0,000;27 (TMSF);0,0;0,1;0,0;2,3;0;THRT
43,8;0,0;0,2;22,6;0,000;27 (TMSF);0,0;0,2;0,0;4,5;0;THRT
44,9;0,0;0,2;22,6;0,000;27 (TMSF);0,0;0,2;0,0;4,5;0;THRT
49,6;0,0;0,2;22,6;0,000;27 (TMSF);0,0;0,2;0,0;4,5;0;--
51,1;0,0;0,1;22,6;0,000;27 (TMSF);0,0;0,1;0,0;2,3;0;--
52,2;0,0;0,2;22,6;0,000;27 (TMSF);0,0;0,2;0,0;4,5;0;--
55,0;0,0;0,1;22,6;0,000;27 (TMSF);0,0;0,1;0,0;2,3;0;--
56,1;0,0;0,2;22,6;0,001;27 (TMSF);0,0;0,2;0,0;4,5;0;--
57,2;0,0;0,2;22,6;0,001;27 (TMSF);0,0;0,2;0,0;4,5;0;--
58,4;0,0;0,2;22,6;0,001;27 (TMSF);0,0;0,2;0,0;4,5;0;--
65,7;0,0;0,1;22,6;0,001;27 (TMSF);0,0;0,1;0,0;2,3;0;--
66,8;0,0;0,2;22,6;0,001;27 (TMSF);0,0;0,2;0,0;4,5;0;--
71,0;0,0;0,2;22,6;0,002;27 (TMSF);0,0;0,2;0,0;4,5;0;--
76,0;0,0;0,1;22,6;0,002;27 (TMSF);0,0;0,1;0,0;2,3;0;--
77,1;0,0;0,2;22,6;0,002;27 (TMSF);0,0;0,2;0,0;4,5;0;--
80,4;0,0;0,1;22,6;0,002;27 (TMSF);0,0;0,1;0,0;2,3;0;--
81,5;0,0;0,2;22,6;0,002;27 (TMSF);0,0;0,2;0,0;4,5;0;--
82,6;0,0;0,2;22,6;0,002;27 (TMSF);0,0;0,2;0,0;4,5;0;--
84,6;0,0;0,1;22,6;0,002;27 (TMSF);0,0;0,1;0,0;2,3;0;--
85,7;0,0;0,2;22,6;0,002;27 (TMSF);0,0;0,2;0,0;4,5;0;--
86,9;0,0;0,2;22,6;0,003;27 (TMSF);0,0;0,2;0,0;4,5;0;--
92,2;0,0;0,1;22,6;0,003;27 (TMSF);0,0;0,1;0,0;2,3;0;--
93,3;0,0;0,2;22,6;0,003;27 (TMSF);0,0;0,2;0,0;4,5;0;--
94,4;0,0;0,1;22,6;0,003;27 (TMSF);0,0;0,1;0,0;2,3;0;--
95,5;0,0;0,2;22,6;0,003;27 (TMSF);0,0;0,2;0,0;4,5;0;--
96,6;0,0;0,2;22,6;0,003;27 (TMSF);0,0;0,2;0,0;4,5;0;--
97,8;0,0;0,2;22,6;0,003;27 (TMSF);0,0;0,2;0,0;4,5;0;--
101,7;0,0;0,1;22,6;0,003;27 (TMSF);0,0;0,1;0,0;2,3;0;--
102,8;0,0;0,2;22,6;0,003;27 (TMSF);0,0;0,2;0,0;4,5;0;--
103,9;0,0;0,2;22,6;0,004;27 (TMSF);0,0;0,2;0,0;4,5;0;--
110,2;0,0;0,1;22,6;0,004;27 (TMSF);0,0;0,1;0,0;2,3;0;--
111,4;0,0;0,2;22,6;0,004;27 (TMSF);0,0;0,2;0,0;4,5;0;--
112,5;0,0;0,1;22,6;0,004;27 (TMSF);0,0;0,1;0,0;2,3;0;--
113,6;0,0;0,1;22,6;0,004;27 (TMSF);0,0;0,1;0,0;2,3;0;--
114,7;0,0;0,2;22,6;0,004;27 (TMSF);0,0;0,2;0,0;4,5;0;--
115,8;0,0;0,1;22,6;0,004;27 (TMSF);0,0;0,1;0,0;2,3;0;--
117,0;0,0;0,2;22,6;0,004;27 (TMSF);0,0;0,2;0,0;4,5;0;--
118,1;0,0;0,2;22,6;0,004;27 (TMSF);0,0;0,2;0,0;4,5;0;--
119,2;0,0;0,2;22,6;0,005;27 (TMSF);0,0;0,2;0,0;4,5;0;--
120,5;0,0;0,1;22,6;0,005;27 (TMSF);0,0;0,1;0,0;2,3;0;--
121,6;0,0;0,2;22,6;0,005;27 (TMSF);0,0;0,2;0,0;4,5;0;--
122,7;0,0;0,2;22,6;0,005;27 (TMSF);0,0;0,2;0,0;4,5;0;--
123,9;0,0;0,1;22,6;0,005;27 (TMSF);0,0;0,1;0,0;2,3;0;--
125,0;0,0;0,1;22,6;0,005;27 (TMSF);0,0;0,1;0,0;2,3;0;--
126,1;0,0;0,2;22,6;0,005;27 (TMSF);0,0;0,2;0,0;4,5;0;--
127,2;0,0;0,2;22,6;0,005;27 (TMSF);0,0;0,2;0,0;4,5;0;--
128,3;0,0;0,2;22,6;0,005;27 (TMSF);0,0;0,2;0,0;4,5;0;--
129,5;0,0;0,2;22,6;0,005;27 (TMSF);0,0;0,2;0,0;4,5;0;--
135,2;0,0;0,2;22,6;0,006;27 (TMSF);0,0;0,2;0,0;4,5;0;--
137,9;0,0;0,1;22,6;0,006;27 (TMSF);0,0;0,1;0,0;2,3;0;--
139,0;0,0;0,2;22,6;0,006;27 (TMSF);0,0;0,2;0,0;4,5;0;--
147,7;0,0;0,1;22,6;0,006;27 (TMSF);0,0;0,1;0,0;2,3;0;--
148,8;0,0;0,2;22,6;0,006;27 (TMSF);0,0;0,2;0,0;4,5;0;--
150,0;0,0;0,2;22,6;0,006;27 (TMSF);0,0;0,2;0,0;4,5;0;--
151,1;0,0;0,2;22,6;0,007;27 (TMSF);0,0;0,2;0,0;4,5;0;--
153,2;0,0;0,1;22,6;0,007;27 (TMSF);0,0;0,1;0,0;2,3;0;--
154,3;0,0;0,2;22,6;0,007;27 (TMSF);0,0;0,2;0,0;4,5;0;--
157,6;0,0;0,1;22,6;0,007;27 (TMSF);0,0;0,1;0,0;2,3;0;--
158,8;0,0;0,2;22,6;0,007;27 (TMSF);0,0;0,2;0,0;4,5;0;--
163,7;0,0;0,1;22,6;0,007;27 (TMSF);0,0;0,1;0,0;2,3;0;--
164,8;0,0;0,2;22,6;0,007;27 (TMSF);0,0;0,2;0,0;4,5;0;--
165,9;0,0;0,2;22,6;0,008;27 (TMSF);0,0;0,2;0,0;4,5;0;--
169,9;0,5;0,2;22,6;0,008;27 (TMSF);0,0;0,2;0,0;4,5;0;--
170,9;5,5;0,2;22,6;0,008;27 (TMSF);4,5;0,2;0,0;4,5;200;--
171,2;6,5;0,4;22,6;0,008;27 (TMSF);6,5;0,4;0,0;9,0;210;--
171,4;7,5;0,3;22,6;0,008;27 (TMSF);7,5;0,3;0,0;6,8;390;--
171,6;7,5;0,3;22,6;0,008;27 (TMSF);7,5;0,3;0,0;6,8;418;--
171,8;7,5;0,2;22,6;0,008;28 (TMSF);7,5;0,2;0,0;4,5;419;--
172,0;7,5;0,2;22,6;0,008;28 (TMSF);7,5;0,2;0,0;4,5;419;--
172,3;7,5;0,2;22,6;0,008;28 (TMSF);7,5;0,2;0,0;4,5;419;--
172,5;7,5;0,2;22,6;0,008;28 (TMSF);7,5;0,2;0,0;4,5;420;--
172,7;7,5;0,2;22,6;0,008;28 (TMSF);7,5;0,2;0,0;4,5;421;--
172,9;7,5;0,3;22,6;0,008;28 (TMSF);7,5;0,3;0,0;6,8;423;--
173,1;7,5;0,2;22,6;0,008;28 (TMSF);7,5;0,2;0,0;4,5;424;--
173,3;7,5;0,2;22,6;0,008;28 (TMSF);7,5;0,2;0,0;4,5;426;--
173,6;8,0;0,2;22,6;0,008;28 (TMSF);7,5;0,2;0,0;4,5;429;--
173,8;9,0;0,2;22,6;0,008;28 (TMSF);9,0;0,2;0,0;4,5;441;--
174,0;11,5;0,5;22,6;0,008;28 (TMSF);11,5;0,5;0,0;11,3;551;--
174,2;12,5;0,5;22,6;0,008;28 (TMSF);12,5;0,5;0,0;11,3;624;--
174,4;12,5;0,5;22,6;0,008;28 (TMSF);12,5;0,5;0,0;11,3;685;--
174,7;12,5;0,4;22,6;0,008;28 (TMSF);12,5;0,4;0,0;9,0;700;--
174,9;12,5;0,4;22,6;0,008;28 (TMSF);12,5;0,4;0,0;9,0;703;--
175,1;12,5;0,4;22,6;0,008;28 (TMSF);12,5;0,4;0,0;9,0;705;--
175,3;12,5;0,3;22,6;0,008;28 (TMSF);12,5;0,3;0,0;6,8;706;--
175,5;12,5;0,4;22,6;0,008;28 (TMSF);12,5;0,4;0,0;9,0;707;--
175,8;12,5;0,4;22,6;0,008;28 (TMSF);12,5;0,4;0,0;9,0;706;--
176,1;12,5;0,4;22,6;0,008;28 (TMSF);12,5;0,4;0,0;9,0;707;--
176,3;12,5;0,4;22,6;0,008;27 (TMSF);12,5;0,4;0,0;9,0;707;--
176,5;12,5;0,3;22,6;0,008;27 (TMSF);12,5;0,3;0,0;6,8;705;--
176,7;12,5;0,4;22,6;0,008;27 (TMSF);12,5;0,4;0,0;9,0;706;--
176,9;15,0;0,5;22,6;0,008;27 (TMSF);15,0;0,5;0,0;11,3;726;--
177,2;16,0;0,8;22,6;0,008;27 (TMSF);16,0;0,8;0,0;18,1;840;--
177,4;16,5;0,7;22,6;0,009;27 (TMSF);16,5;0,7;0,0;15,8;887;--
177,6;17,5;0,7;22,6;0,009;27 (TMSF);17,5;0,7;0,0;15,8;911;--
177,8;18,0;0,8;22,6;0,009;27 (TMSF);18,0;0,8;0,0;18,1;968;--
178,0;18,0;0,8;22,6;0,009;27 (TMSF);18,0;0,8;0,0;18,1;984;--
178,3;18,0;0,8;22,6;0,009;27 (TMSF);18,0;0,8;0,0;18,1;988;--
178,5;18,0;0,8;22,6;0,009;27 (TMSF);18,0;0,8;0,0;18,1;989;--
178,7;18,0;0,8;22,6;0,009;27 (TMSF);18,0;0,8;0,0;18,1;990;--
178,9;18,0;0,8;22,6;0,009;27 (TMSF);18,0;0,8;0,0;18,1;990;--
179,1;18,0;0,7;22,6;0,009;27 (TMSF);18,0;0,7;0,0;15,8;990;--
179,3;18,0;0,8;22,6;0,009;27 (TMSF);18,0;0,8;0,0;18,1;990;--
179,6;18,0;0,8;22,6;0,009;27 (TMSF);18,0;0,8;0,0;18,1;990;--
179,8;18,0;0,7;22,6;0,009;27 (TMSF);18,0;0,7;0,0;15,8;990;--
180,0;18,0;0,7;22,6;0,009;27 (TMSF);18,0;0,7;0,0;15,8;993;--
180,2;18,0;0,7;22,6;0,009;27 (TMSF);18,0;0,7;0,0;15,8;996;--
180,4;18,5;0,7;22,6;0,009;27 (TMSF);18,5;0,7;0,0;15,8;1002;--
180,7;21,5;1,1;22,6;0,009;27 (TMSF);21,5;1,1;0,0;24,9;1090;--
180,9;23,0;1,4;22,6;0,009;27 (TMSF);23,0;1,4;0,0;31,6;1185;--
181,1;23,0;1,5;22,6;0,009;27 (TMSF);23,0;1,5;0,0;33,9;1228;--
181,3;22,5;1,3;22,6;0,009;27 (TMSF);22,5;1,3;0,0;29,4;1230;--
181,5;22,5;1,2;22,6;0,010;27 (TMSF);22,5;1,2;0,0;27,1;1230;--
181,7;22,5;1,3;22,6;0,010;27 (TMSF);22,5;1,3;0,0;29,4;1229;--
182,0;23,0;1,2;22,6;0,010;27 (TMSF);23,0;1,2;0,0;27,1;1230;--
182,2;23,0;1,1;22,6;0,010;27 (TMSF);23,0;1,1;0,0;24,9;1236;--
182,4;23,0;1,2;22,6;0,010;27 (TMSF);23,0;1,2;0,0;27,1;1237;--
182,6;23,0;1,3;22,6;0,010;27 (TMSF);23,0;1,3;0,0;29,4;1239;--
182,8;23,0;1,3;22,6;0,010;27 (TMSF);23,0;1,3;0,0;29,4;1238;--
183,1;23,0;1,3;22,6;0,010;27 (TMSF);23,0;1,3;0,0;29,4;1239;--
183,3;23,0;1,3;22,6;0,010;27 (TMSF);23,0;1,3;0,0;29,4;1240;--
183,5;23,0;1,2;22,6;0,010;27 (TMSF);23,0;1,2;0,0;27,1;1240;--
183,7;23,0;1,2;22,6;0,010;27 (TMSF);23,0;1,2;0,0;27,1;1240;--
183,9;23,0;1,3;22,6;0,010;27 (TMSF);23,0;1,3;0,0;29,4;1240;--
184,1;23,0;1,3;22,6;0,011;27 (TMSF);23,0;1,3;0,0;29,4;1240;--
184,4;23,0;1,3;22,6;0,011;27 (TMSF);23,0;1,3;0,0;29,4;1244;--
184,6;24,0;1,3;22,6;0,011;27 (TMSF);24,0;1,3;0,0;29,4;1269;--
184,8;26,0;1,7;22,5;0,011;27 (TMSF);26,0;1,7;0,0;38,3;1343;--
185,0;27,0;1,9;22,5;0,011;27 (TMSF);27,0;1,9;0,0;42,8;1406;--
185,2;27,0;1,9;22,5;0,011;27 (TMSF);27,0;1,9;0,0;42,8;1432;--
185,5;27,0;1,9;22,5;0,011;27 (TMSF);27,0;1,9;0,0;42,8;1440;--
185,7;27,0;1,8;22,5;0,011;27 (TMSF);27,0;1,8;0,0;40,5;1442;--
185,9;27,0;1,8;22,5;0,011;27 (TMSF);27,0;1,8;0,0;40,5;1442;--
186,1;27,0;1,8;22,5;0,011;27 (TMSF);27,0;1,8;0,0;40,5;1442;--
186,6;27,0;1,8;22,5;0,012;27 (TMSF);27,0;1,8;0,0;40,5;1442;--
186,8;27,0;1,9;22,5;0,012;27 (TMSF);27,0;1,9;0,0;42,8;1442;--
187,1;27,0;1,8;22,5;0,012;27 (TMSF);27,0;1,8;0,0;40,5;1443;--
187,4;27,0;1,8;22,5;0,012;27 (TMSF);27,0;1,8;0,0;40,5;1443;--
187,6;27,0;1,9;22,5;0,012;27 (TMSF);27,0;1,9;0,0;42,8;1443;--
187,8;27,0;1,8;22,5;0,012;27 (TMSF);27,0;1,8;0,0;40,5;1446;--
188,0;28,5;2,1;22,5;0,012;27 (TMSF);28,5;7,4;0,0;47,3;1489;--
188,3;30,5;2,2;22,5;0,013;27 (TMSF);30,0;7,3;0,0;49,5;1528;--
188,5;31,5;2,6;22,5;0,013;27 (TMSF);31,5;8,3;0,0;58,5;1609;--
188,7;32,0;2,7;22,5;0,013;27 (TMSF);32,0;8,4;0,0;60,8;1658;--
188,9;32,5;2,7;22,5;0,013;27 (TMSF);32,5;8,3;0,0;60,8;1681;--
189,1;32,5;2,7;22,5;0,013;27 (TMSF);32,5;8,3;0,0;60,8;1687;--
189,3;32,5;2,6;22,5;0,013;27 (TMSF);32,5;8,0;0,0;58,5;1690;--
189,6;32,5;2,5;22,5;0,013;27 (TMSF);32,5;7,7;0,0;56,3;1690;--
189,8;32,5;2,5;22,5;0,014;27 (TMSF);32,5;7,7;0,0;56,3;1690;--
190,0;32,5;2,5;22,5;0,014;27 (TMSF);32,5;7,7;0,0;56,3;1689;--
190,2;32,5;2,6;22,5;0,014;27 (TMSF);32,5;8,0;0,0;58,5;1689;--
190,4;32,5;2,5;22,5;0,014;27 (TMSF);32,5;7,7;0,0;56,3;1688;--
190,7;32,5;2,5;22,5;0,014;27 (TMSF);32,5;7,7;0,0;56,3;1689;--
190,9;32,5;2,5;22,5;0,014;27 (TMSF);32,5;7,7;0,0;56,3;1689;--
191,1;32,5;2,6;22,5;0,014;27 (TMSF);32,5;8,0;0,0;58,5;1689;--
191,3;32,5;2,6;22,5;0,015;27 (TMSF);32,5;8,0;0,0;58,5;1689;--
191,5;32,5;2,5;22,5;0,015;27 (TMSF);32,5;7,7;0,0;56,3;1690;--
191,8;33,5;2,7;22,5;0,015;27 (TMSF);33,5;8,1;0,0;60,8;1707;--
192,0;34,0;2,8;22,5;0,015;27 (TMSF);34,0;8,2;0,0;63,0;1743;--
192,2;35,0;3,0;22,5;0,015;27 (TMSF);35,0;8,6;0,0;67,5;1783;--
192,4;37,5;3,4;22,5;0,016;27 (TMSF);37,5;9,1;0,0;76,5;1847;--
192,6;37,5;3,6;22,5;0,016;27 (TMSF);37,5;9,6;0,0;81,0;1905;--
192,8;37,5;3,5;22,5;0,016;27 (TMSF);37,5;9,3;0,0;78,8;1911;--
193,1;37,5;3,4;22,5;0,016;27 (TMSF);37,5;9,1;0,0;76,5;1913;--
193,3;37,5;3,5;22,5;0,017;27 (TMSF);37,5;9,3;0,0;78,8;1912;--
193,5;37,5;3,4;22,5;0,017;27 (TMSF);37,5;9,1;0,0;76,5;1912;--
193,7;37,5;3,4;22,5;0,017;27 (TMSF);37,5;9,1;0,0;76,5;1914;--
193,9;37,5;3,4;22,5;0,017;27 (TMSF);37,5;9,1;0,0;76,5;1912;--
194,2;37,5;3,4;22,5;0,017;27 (TMSF);37,5;9,1;0,0;76,5;1914;--
194,4;37,5;3,3;22,5;0,017;27 (TMSF);37,5;8,8;0,0;74,3;1914;--
194,6;37,5;3,4;22,5;0,017;27 (TMSF);37,5;9,1;0,0;76,5;1912;--
194,8;37,5;3,4;22,5;0,018;27 (TMSF);37,5;9,1;0,0;76,5;1919;--
195,0;37,5;3,5;22,5;0,018;27 (TMSF);37,5;9,3;0,0;78,8;1926;--
195,2;38,5;3,6;22,5;0,018;27 (TMSF);38,5;9,4;0,0;81,0;1942;--
195,5;39,0;3,7;22,5;0,018;27 (TMSF);39,0;9,5;0,0;83,3;1966;--
195,7;40,5;3,9;22,4;0,018;27 (TMSF);40,5;9,6;0,0;87,4;1999;--
195,9;42,0;4,5;22,4;0,019;27 (TMSF);42,0;10,7;0,0;100,8;2078;--
196,1;42,5;4,7;22,4;0,019;27 (TMSF);42,5;11,1;0,0;105,3;2130;--
196,3;42,5;4,7;22,4;0,019;27 (TMSF);42,5;11,1;0,0;105,3;2149;--
196,6;42,5;4,6;22,4;0,020;27 (TMSF);42,5;10,8;0,0;103,0;2149;--
196,8;42,5;4,6;22,4;0,020;27 (TMSF);42,5;10,8;0,0;103,0;2149;--
197,0;42,5;4,6;22,4;0,020;27 (TMSF);42,5;10,8;0,0;103,0;2149;--
197,2;42,5;4,6;22,4;0,020;27 (TMSF);42,5;10,8;0,0;103,0;2149;--
197,4;42,5;4,5;22,4;0,021;27 (TMSF);42,5;10,6;0,0;100,8;2148;--
197,6;42,5;4,5;22,4;0,021;27 (TMSF);42,5;10,6;0,0;100,8;2148;--
197,9;42,5;4,6;22,4;0,021;27 (TMSF);42,5;10,8;0,0;103,0;2150;--
198,1;42,5;4,6;22,4;0,022;27 (TMSF);42,5;10,8;0,0;103,0;2152;--
198,3;42,5;4,6;22,4;0,022;27 (TMSF);42,5;10,8;0,0;103,0;2152;--
198,5;43,0;4,6;22,4;0,022;27 (TMSF);43,0;10,7;0,0;103,0;2151;--
198,7;43,0;4,8;22,4;0,022;27 (TMSF);43,0;11,2;0,0;107,5;2151;--
199,0;44,0;4,9;22,4;0,023;27 (TMSF);44,0;11,1;0,0;109,8;2171;--
199,2;44,5;5,2;22,4;0,023;27 (TMSF);44,5;11,7;0,0;116,5;2200;--
199,4;45,0;5,3;22,4;0,023;27 (TMSF);45,0;11,8;0,0;118,7;2225;--
199,6;46,0;5,5;22,4;0,024;27 (TMSF);46,0;12,0;0,0;123,2;2255;--
199,8;46,0;5,6;22,4;0,024;27 (TMSF);46,5;12,0;0,0;125,4;2285;--
200,0;46,5;5,5;22,4;0,024;27 (TMSF);46,5;11,8;0,0;123,2;2286;--
200,3;46,5;5,5;22,4;0,024;27 (TMSF);46,5;11,8;0,0;123,2;2299;--
200,5;46,5;5,6;22,4;0,024;27 (TMSF);46,5;12,0;0,0;125,4;2307;--
200,7;46,5;5,6;22,4;0,025;27 (TMSF);46,5;12,0;0,0;125,4;2307;--
200,9;46,5;5,6;22,4;0,025;27 (TMSF);46,5;12,0;0,0;125,4;2307;--
201,1;46,5;5,7;22,4;0,026;27 (TMSF);46,5;12,3;0,0;127,7;2308;--
201,4;47,0;5,7;22,4;0,026;27 (TMSF);46,5;12,3;0,0;127,7;2306;--
201,6;47,0;5,7;22,4;0,027;27 (TMSF);47,0;12,1;0,0;127,7;2306;--
201,8;46,5;5,7;22,4;0,027;27 (TMSF);46,5;12,3;0,0;127,7;2308;--
202,0;47,0;5,7;22,4;0,027;27 (TMSF);47,0;12,1;0,0;127,7;2307;--
202,2;47,0;5,7;22,4;0,028;27 (TMSF);47,0;12,1;0,0;127,7;2307;--
202,4;47,0;5,6;22,4;0,028;27 (TMSF);47,0;11,9;0,0;125,4;2307;--
202,7;47,5;5,8;22,4;0,028;27 (TMSF);47,5;12,2;0,0;129,9;2329;--
202,9;48,5;6,0;22,3;0,028;27 (TMSF);48,5;12,4;0,0;133,8;2356;--
203,1;49,5;6,3;22,3;0,029;27 (TMSF);49,5;12,7;0,0;140,5;2394;--
203,3;51,0;6,9;22,3;0,029;27 (TMSF);51,0;13,5;0,0;153,9;2446;--
203,5;52,5;7,4;22,3;0,029;27 (TMSF);52,5;14,1;0,0;165,0;2504;--
203,8;53,0;7,5;22,3;0,030;27 (TMSF);53,0;14,2;0,0;167,3;2541;--
204,0;53,0;7,6;22,3;0,030;27 (TMSF);53,0;14,3;0,0;169,5;2547;--
204,2;53,0;7,6;22,3;0,031;27 (TMSF);53,0;14,3;0,0;169,5;2549;--
204,4;53,0;7,6;22,3;0,031;27 (TMSF);53,0;14,3;0,0;169,5;2550;--
204,6;53,0;7,6;22,3;0,032;27 (TMSF);53,0;14,3;0,0;169,5;2549;--
204,9;53,0;7,6;22,3;0,032;27 (TMSF);53,0;14,3;0,0;169,5;2548;--
205,1;53,0;7,6;22,3;0,032;27 (TMSF);53,0;14,3;0,0;169,5;2549;--
205,3;53,0;7,6;22,3;0,033;27 (TMSF);53,0;14,3;0,0;169,5;2550;--
205,5;53,0;7,6;22,3;0,033;27 (TMSF);53,0;14,3;0,0;169,5;2549;--
205,7;53,0;7,6;22,3;0,035;27 (TMSF);53,0;14,3;0,0;169,5;2548;--
205,9;53,0;7,6;22,3;0,035;27 (TMSF);53,0;14,3;0,0;169,5;2550;--
206,2;53,0;7,5;22,3;0,035;27 (TMSF);53,0;14,2;0,0;167,3;2552;--
206,4;54,0;7,9;22,3;0,036;27 (TMSF);54,0;14,6;0,0;176,2;2573;--
206,6;54,5;8,1;22,3;0,036;27 (TMSF);54,5;14,9;0,0;180,6;2596;--
206,8;55,0;8,2;22,3;0,037;27 (TMSF);55,0;14,9;0,0;182,9;2613;--
207,0;56,0;8,5;22,2;0,037;27 (TMSF);56,0;15,2;0,0;188,7;2646;--
207,3;57,0;9,0;22,2;0,038;27 (TMSF);57,0;15,8;0,0;199,8;2689;--
207,5;57,5;9,1;22,2;0,038;27 (TMSF);57,5;15,8;0,0;202,0;2714;--
207,7;58,0;9,2;22,2;0,038;27 (TMSF);58,0;15,9;0,0;204,2;2731;--
207,9;58,0;9,2;22,2;0,039;27 (TMSF);58,0;15,9;0,0;204,2;2736;--
208,1;58,0;9,3;22,2;0,039;27 (TMSF);58,0;16,0;0,0;206,5;2740;--
208,3;58,0;9,3;22,2;0,041;27 (TMSF);58,0;16,0;0,0;206,5;2742;--
208,6;58,0;9,3;22,2;0,041;27 (TMSF);58,0;16,0;0,0;206,5;2743;--
208,8;58,0;9,2;22,2;0,042;27 (TMSF);58,0;15,9;0,0;204,2;2736;--
209,0;58,0;9,2;22,2;0,042;27 (TMSF);58,0;15,9;0,0;204,2;2736;--
209,2;58,0;9,2;22,2;0,042;27 (TMSF);58,0;15,9;0,0;204,2;2738;--
209,4;58,0;9,2;22,2;0,043;27 (TMSF);58,0;15,9;0,0;204,2;2735;--
209,7;58,0;9,2;22,2;0,043;27 (TMSF);58,0;15,9;0,0;204,2;2735;--
209,9;58,0;9,2;22,2;0,044;27 (TMSF);58,0;15,9;0,0;204,2;2734;--
210,1;58,5;9,3;22,2;0,044;27 (TMSF);58,5;15,9;0,0;206,5;2736;--
210,3;59,5;9,7;22,2;0,044;27 (TMSF);59,5;16,3;0,0;215,3;2765;--
210,5;60,5;10,1;22,2;0,046;27 (TMSF);60,5;16,7;0,0;224,2;2797;--
210,7;61,5;10,6;22,1;0,046;27 (TMSF);61,5;17,2;0,0;234,3;2841;--
211,0;62,0;11,1;22,1;0,047;27 (TMSF);62,0;17,9;0,0;245,3;2868;--
211,2;62,5;11,3;22,1;0,047;27 (TMSF);62,5;18,1;0,0;249,7;2888;--
211,4;62,5;11,3;22,1;0,049;27 (TMSF);62,5;18,1;0,0;249,7;2900;--
211,6;62,5;11,2;22,1;0,049;27 (TMSF);62,5;17,9;0,0;247,5;2907;--
211,8;62,5;11,2;22,1;0,049;27 (TMSF);62,5;17,9;0,0;247,5;2909;--
212,1;62,5;11,3;22,1;0,050;27 (TMSF);62,5;18,1;0,0;249,7;2909;--
212,3;62,5;11,2;22,1;0,050;27 (TMSF);62,5;17,9;0,0;247,5;2908;--
212,5;62,5;11,1;22,1;0,052;27 (TMSF);62,5;17,8;0,0;245,3;2907;--
212,7;62,5;11,1;22,1;0,052;27 (TMSF);62,5;17,8;0,0;245,3;2906;--
212,9;62,5;11,1;22,1;0,053;27 (TMSF);62,5;17,8;0,0;245,3;2907;--
213,1;62,5;11,0;22,1;0,053;27 (TMSF);62,5;17,6;0,0;243,1;2913;--
213,4;62,5;11,1;22,1;0,053;27 (TMSF);62,5;17,8;0,0;245,3;2909;--
213,6;62,5;11,1;22,1;0,055;27 (TMSF);62,5;17,8;0,0;245,3;2911;--
213,8;62,5;11,1;22,1;0,055;27 (TMSF);62,5;17,8;0,0;245,3;2910;--
214,0;63,0;11,3;22,1;0,057;27 (TMSF);63,0;17,9;0,0;249,7;2916;--
214,2;64,0;11,5;22,1;0,057;27 (TMSF);64,0;18,0;0,0;254,2;2940;--
214,5;65,0;11,9;22,1;0,058;27 (TMSF);64,5;18,4;0,0;263,0;2965;--
214,7;67,0;12,5;22,1;0,058;27 (TMSF);67,0;18,7;0,0;276,3;3017;--
214,9;67,5;13,3;22,0;0,058;27 (TMSF);67,5;19,7;0,0;292,6;3068;--
215,1;68,0;13,4;22,0;0,060;27 (TMSF);68,0;19,7;0,0;294,8;3087;--
215,3;68,0;13,3;22,0;0,060;27 (TMSF);68,0;19,6;0,0;292,6;3094;--
215,5;68,0;13,4;22,0;0,062;27 (TMSF);68,0;19,7;0,0;294,8;3095;--
215,8;68,5;13,5;22,0;0,062;27 (TMSF);68,5;19,7;0,0;297,0;3106;--
216,0;68,5;13,7;22,0;0,062;27 (TMSF);68,5;20,0;0,0;301,4;3113;--
216,2;68,5;13,6;22,0;0,064;27 (TMSF);68,5;19,9;0,0;299,2;3111;--
216,4;68,5;13,7;22,0;0,064;27 (TMSF);68,5;20,0;0,0;301,4;3109;--
216,6;68,5;13,7;22,0;0,066;27 (TMSF);68,5;20,0;0,0;301,4;3110;--
216,9;68,5;13,7;22,0;0,066;27 (TMSF);68,5;20,0;0,0;301,4;3111;--
217,1;69,0;13,7;22,0;0,068;27 (TMSF);69,0;19,9;0,0;301,4;3115;--
217,3;69,0;13,6;22,0;0,068;27 (TMSF);69,0;19,7;0,0;299,2;3119;--
217,5;69,0;13,7;22,0;0,068;27 (TMSF);69,0;19,9;0,0;301,4;3126;--
217,7;69,5;13,9;22,0;0,070;27 (TMSF);69,5;20,0;0,0;305,8;3130;--
217,9;70,5;14,4;22,0;0,070;27 (TMSF);70,5;20,4;0,0;316,8;3161;--
218,2;72,0;15,0;21,9;0,072;27 (TMSF);71,5;21,0;0,0;328,5;3200;--
218,4;72,5;15,5;21,9;0,072;27 (TMSF);72,5;21,4;0,0;339,5;3237;--
218,6;72,5;15,6;21,9;0,074;27 (TMSF);72,5;21,5;0,0;341,6;3248;--
218,8;72,5;15,6;21,9;0,074;27 (TMSF);72,5;21,5;0,0;341,6;3247;--
219,0;72,5;15,5;21,9;0,074;27 (TMSF);72,5;21,4;0,0;339,5;3249;--
219,3;73,0;15,7;21,9;0,076;27 (TMSF);73,0;21,5;0,0;343,8;3255;--
219,5;73,5;16,0;21,9;0,076;27 (TMSF);73,5;21,8;0,0;350,4;3276;--
219,7;73,5;15,9;21,9;0,078;27 (TMSF);73,5;21,6;0,0;348,2;3284;--
219,9;73,5;15,9;21,9;0,078;27 (TMSF);73,5;21,6;0,0;348,2;3284;--
220,1;73,5;15,9;21,9;0,078;27 (TMSF);73,5;21,6;0,0;348,2;3283;--
220,3;73,5;15,9;21,9;0,080;27 (TMSF);73,5;21,6;0,0;348,2;3283;--
220,6;73,5;16,0;21,9;0,080;27 (TMSF);73,5;21,8;0,0;350,4;3283;--
220,8;73,5;16,0;21,9;0,083;27 (TMSF);73,5;21,8;0,0;350,4;3281;--
221,0;73,5;16,0;21,9;0,083;27 (TMSF);73,5;21,8;0,0;350,4;3280;--
221,2;73,5;16,0;21,9;0,085;27 (TMSF);73,5;21,8;0,0;350,4;3279;--
221,4;73,5;16,0;21,9;0,085;27 (TMSF);73,5;21,8;0,0;350,4;3276;--
221,7;74,0;16,0;21,9;0,085;27 (TMSF);74,0;21,6;0,0;350,4;3279;--
221,9;75,0;16,6;21,8;0,087;27 (TMSF);75,0;22,1;0,0;361,9;3305;--
222,1;76,0;17,2;21,8;0,087;27 (TMSF);76,0;22,6;0,0;375,0;3334;--
222,3;77,0;17,5;21,8;0,089;27 (TMSF);77,0;22,7;0,0;381,5;3363;--
222,5;77,0;17,9;21,8;0,089;27 (TMSF);77,0;23,2;0,0;390,2;3390;--
222,8;77,5;18,0;21,8;0,092;27 (TMSF);77,5;23,2;0,0;392,4;3401;--
223,0;78,0;18,2;21,8;0,092;27 (TMSF);78,0;23,3;0,0;396,8;3413;--
223,2;78,5;18,4;21,8;0,092;27 (TMSF);78,5;23,4;0,0;401,1;3432;--
223,4;78,5;18,6;21,8;0,095;27 (TMSF);78,5;23,7;0,0;405,5;3425;--
223,6;78,5;18,6;21,8;0,095;27 (TMSF);78,5;23,7;0,0;405,5;3433;--
223,8;78,5;18,5;21,8;0,097;27 (TMSF);78,5;23,6;0,0;403,3;3428;--
224,1;78,5;18,6;21,8;0,097;27 (TMSF);78,5;23,7;0,0;405,5;3423;--
224,3;78,5;18,6;21,8;0,097;27 (TMSF);78,5;23,7;0,0;405,5;3422;--
224,5;78,5;18,6;21,8;0,100;27 (TMSF);78,5;23,7;0,0;405,5;3421;--
224,7;78,5;18,5;21,7;0,100;27 (TMSF);78,5;23,6;0,0;401,5;3425;--
224,9;78,5;18,6;21,7;0,102;27 (TMSF);78,5;23,7;0,0;403,6;3419;--
225,2;78,5;18,6;21,7;0,102;27 (TMSF);78,5;23,7;0,0;403,6;3421;--
225,4;78,5;18,5;21,7;0,105;27 (TMSF);78,5;23,6;0,0;401,5;3415;--
225,6;78,5;18,7;21,7;0,105;27 (TMSF);78,5;23,8;0,0;405,8;3427;--
225,8;79,5;19,0;21,7;0,105;27 (TMSF);79,5;23,9;0,0;412,3;3446;--
226,0;81,0;19,7;21,7;0,108;27 (TMSF);81,0;24,3;0,0;427,5;3479;--
226,2;82,0;20,4;21,7;0,108;27 (TMSF);82,0;24,9;0,0;442,7;3520;--
226,5;82,5;20,9;21,7;0,110;27 (TMSF);82,5;25,3;0,0;453,5;3545;--
226,7;83,0;21,3;21,7;0,110;27 (TMSF);83,0;25,7;0,0;462,2;3567;--
226,9;83,5;21,4;21,6;0,113;27 (TMSF);83,5;25,6;0,0;462,2;3576;--
227,1;83,5;21,3;21,6;0,113;27 (TMSF);83,5;25,5;0,0;460,1;3583;--
227,3;83,5;21,1;21,6;0,113;27 (TMSF);83,5;25,3;0,0;455,8;3584;--
227,6;83,5;21,1;21,6;0,116;27 (TMSF);83,5;25,3;0,0;455,8;3582;--
227,8;83,5;21,0;21,6;0,116;27 (TMSF);83,5;25,1;0,0;453,6;3582;--
228,0;83,5;20,9;21,6;0,119;27 (TMSF);83,5;25,0;0,0;451,4;3583;--
228,2;83,5;20,9;21,6;0,119;27 (TMSF);83,5;25,0;0,0;451,4;3583;--
228,4;83,5;20,9;21,6;0,119;27 (TMSF);83,5;25,0;0,0;451,4;3586;--
228,6;83,5;20,9;21,6;0,122;27 (TMSF);83,5;25,0;0,0;451,4;3585;--
228,9;83,5;20,9;21,6;0,122;27 (TMSF);83,5;25,0;0,0;451,4;3587;--
229,1;83,5;20,8;21,6;0,125;27 (TMSF);83,5;24,9;0,0;449,3;3589;--
229,3;83,5;20,7;21,6;0,125;27 (TMSF);83,5;24,8;0,0;447,1;3588;--
229,5;83,5;20,8;21,6;0,128;27 (TMSF);83,5;24,9;0,0;449,3;3589;--
229,7;84,0;20,7;21,6;0,128;27 (TMSF);84,0;24,6;0,0;447,1;3594;--
230,0;86,0;21,8;21,6;0,128;27 (TMSF);86,0;25,3;0,0;470,9;3634;--
230,2;86,5;22,5;21,6;0,131;27 (TMSF);86,5;26,0;0,0;486,0;3668;--
230,4;87,0;23,0;21,5;0,131;27 (TMSF);87,0;26,4;0,0;494,5;3681;--
230,6;87,5;23,1;21,5;0,134;27 (TMSF);87,0;26,6;0,0;496,7;3693;--
230,8;87,5;23,3;21,5;0,134;27 (TMSF);87,5;26,6;0,0;501,0;3710;--
231,0;88,0;23,4;21,5;0,137;27 (TMSF);88,0;26,6;0,0;503,1;3721;--
231,3;88,5;23,6;21,5;0,137;27 (TMSF);88,5;26,7;0,0;507,4;3731;--
231,5;89,0;24,2;21,5;0,137;27 (TMSF);89,0;27,2;0,0;520,3;3751;--
231,7;89,5;24,4;21,5;0,141;27 (TMSF);89,5;27,3;0,0;524,6;3770;--
231,9;89,5;24,5;21,5;0,141;27 (TMSF);89,5;27,4;0,0;526,8;3771;--
232,1;89,5;24,5;21,5;0,144;27 (TMSF);89,5;27,4;0,0;526,8;3771;--
232,4;89,5;24,5;21,5;0,144;27 (TMSF);89,5;27,4;0,0;526,8;3771;--
232,6;89,5;24,4;21,5;0,148;27 (TMSF);89,5;27,3;0,0;524,6;3768;--
232,8;89,5;24,6;21,5;0,148;27 (TMSF);89,5;27,5;0,0;528,9;3764;--
233,0;89,5;24,8;21,5;0,148;27 (TMSF);89,5;27,7;0,0;533,2;3764;--
233,2;89,5;24,7;21,5;0,151;27 (TMSF);89,5;27,6;0,0;531,1;3766;--
233,4;89,5;24,6;21,5;0,151;27 (TMSF);89,5;27,5;0,0;528,9;3766;--
233,7;89,5;24,6;21,5;0,154;27 (TMSF);89,5;27,5;0,0;528,9;3769;--
233,9;89,5;24,7;21,4;0,154;27 (TMSF);89,5;27,6;0,0;528,6;3774;--
234,1;91,0;25,1;21,4;0,154;28 (TMSF);91,0;27,6;0,0;537,1;3791;--
234,3;92,5;26,0;21,4;0,158;28 (TMSF);92,5;28,1;0,0;556,4;3839;--
234,5;93,0;26,7;21,4;0,158;28 (TMSF);93,0;28,7;0,0;571,4;3866;--
234,8;94,0;27,3;21,4;0,162;28 (TMSF);94,0;29,0;0,0;584,2;3896;--
235,0;95,0;27,7;21,4;0,162;28 (TMSF);95,0;29,2;0,0;592,8;3923;--
235,2;95,5;28,3;21,3;0,166;28 (TMSF);95,5;29,6;0,0;602,8;3940;--
235,4;95,5;28,4;21,3;0,166;28 (TMSF);95,5;29,7;0,0;604,9;3942;--
235,6;95,5;28,4;21,3;0,166;28 (TMSF);95,5;29,7;0,0;604,9;3946;--
235,8;95,5;28,3;21,3;0,169;28 (TMSF);95,5;29,6;0,0;602,8;3945;--
236,1;95,5;28,5;21,3;0,169;28 (TMSF);95,5;29,8;0,0;607,1;3941;--
236,3;95,5;28,4;21,3;0,173;28 (TMSF);95,5;29,7;0,0;604,9;3941;--
236,5;95,5;28,5;21,3;0,173;28 (TMSF);95,5;29,8;0,0;607,1;3940;--
236,7;95,5;28,4;21,3;0,177;28 (TMSF);95,5;29,7;0,0;604,9;3937;--
236,9;95,5;28,4;21,3;0,177;28 (TMSF);95,5;29,7;0,0;604,9;3937;--
237,2;95,5;28,3;21,3;0,177;28 (TMSF);95,5;29,6;0,0;602,8;3937;--
237,4;95,5;28,5;21,3;0,181;28 (TMSF);95,5;29,8;0,0;607,1;3932;--
237,6;95,5;28,6;21,3;0,181;28 (TMSF);95,5;29,9;0,0;609,2;3933;--
237,8;95,5;28,6;21,3;0,185;28 (TMSF);95,5;29,9;0,0;609,2;3935;--
238,0;95,5;28,5;21,3;0,185;28 (TMSF);95,5;29,8;0,0;607,1;3934;--
238,2;96,0;28,6;21,3;0,189;28 (TMSF);96,0;29,8;0,0;609,2;3934;--
238,5;97,0;28,9;21,3;0,189;28 (TMSF);97,0;29,8;0,0;615,6;3953;--
238,7;99,0;30,3;21,2;0,189;28 (TMSF);99,0;30,6;0,0;642,4;4001;--
238,9;99,5;31,3;21,2;0,193;28 (TMSF);99,5;31,5;0,0;663,6;4034;--
239,1;99,5;31,5;21,2;0,193;28 (TMSF);99,5;31,7;0,0;667,8;4036;--
239,3;99,5;31,6;21,2;0,198;28 (TMSF);99,5;31,8;0,0;669,9;4036;--
239,6;99,5;31,4;21,2;0,198;28 (TMSF);99,5;31,6;0,0;665,7;4036;--
239,8;99,5;31,7;21,2;0,198;28 (TMSF);99,5;31,9;0,0;672,0;4030;--
240,0;99,5;31,7;21,2;0,202;28 (TMSF);99,5;31,9;0,0;672,0;4029;--
240,2;99,5;31,8;21,2;0,202;28 (TMSF);99,5;32,0;0,0;674,2;4027;--
240,4;99,5;31,8;21,2;0,207;28 (TMSF);99,5;32,0;0,0;674,2;4027;--
240,7;99,5;31,7;21,2;0,207;28 (TMSF);99,5;31,9;0,0;672,0;4027;--
240,9;99,5;31,7;21,2;0,211;28 (TMSF);99,5;31,9;0,0;672,0;4027;--
241,1;99,5;31,6;21,2;0,211;28 (TMSF);99,5;31,8;0,0;669,9;4024;--
241,3;99,5;31,7;21,2;0,211;28 (TMSF);99,5;31,9;0,0;672,0;4025;--
241,5;99,5;31,7;21,2;0,216;28 (TMSF);99,5;31,9;0,0;672,0;4021;--
241,7;99,5;31,7;21,2;0,216;28 (TMSF);99,5;31,9;0,0;672,0;4021;--
242,0;96,5;30,8;21,2;0,220;28 (TMSF);97,0;31,8;0,0;653,0;3984;--
242,2;92,5;28,1;21,2;0,220;28 (TMSF);92,5;30,4;0,0;595,7;3881;--
242,4;88,0;25,1;21,3;0,224;28 (TMSF);88,0;28,5;0,0;534,6;3757;--
242,6;84,5;22,8;21,3;0,224;28 (TMSF);85,0;26,8;0,0;485,6;3651;--
242,8;83,0;20,7;21,4;0,224;28 (TMSF);83,0;24,9;0,0;443,0;3545;--
243,1;81,5;19,9;21,4;0,226;28 (TMSF);81,5;24,4;0,0;425,9;3494;--
243,3;78,5;18,8;21,4;0,226;28 (TMSF);78,5;23,9;0,0;402,3;3438;--
243,5;77,5;17,8;21,4;0,229;28 (TMSF);77,5;23,0;0,0;380,9;3371;--
243,7;74,0;16,8;21,5;0,229;28 (TMSF);74,5;22,6;0,0;361,2;3316;--
243,9;70,0;14,9;21,5;0,231;28 (TMSF);70,5;21,1;0,0;320,4;3205;--
244,1;65,5;12,8;21,6;0,231;28 (TMSF);66,0;19,4;0,0;276,5;3061;--
244,4;61,0;10,7;21,6;0,231;28 (TMSF);61,0;17,5;0,0;231,1;2910;--
244,6;57,0;8,7;21,7;0,233;28 (TMSF);57,0;15,3;0,0;188,8;2736;--
244,8;53,5;7,4;21,7;0,233;28 (TMSF);53,5;13,8;0,0;160,6;2595;--
245,0;49,0;6,0;21,8;0,234;28 (TMSF);49,0;12,2;0,0;130,8;2431;--
245,2;45,5;5,1;21,8;0,234;28 (TMSF);45,5;11,2;0,0;111,2;2306;--
245,5;43,5;4,4;21,8;0,234;28 (TMSF);43,5;10,1;0,0;95,9;2188;--
245,7;39,0;3,8;21,8;0,234;28 (TMSF);39,5;9,6;0,0;82,8;2076;--
245,9;37,5;3,2;21,9;0,234;28 (TMSF);37,5;8,5;0,0;70,1;1954;--
246,1;36,0;2,9;21,9;0,235;28 (TMSF);36,5;7,9;0,0;63,5;1873;--
246,3;33,5;2,4;21,9;0,235;28 (TMSF);33,5;7,2;0,0;52,6;1762;--
246,5;30,0;2,1;21,9;0,235;28 (TMSF);30,5;6,9;0,0;46,0;1666;--
246,8;28,5;1,5;21,9;0,235;28 (TMSF);28,5;1,5;0,0;32,9;1543;--
247,0;26,5;1,3;22,0;0,235;28 (TMSF);26,5;1,3;0,0;28,6;1447;--
247,2;21,5;0,7;22,0;0,235;28 (TMSF);21,5;0,7;0,0;15,4;1285;--
247,4;18,0;0,2;22,0;0,235;28 (TMSF);18,0;0,2;0,0;4,4;1091;--
247,6;16,0;0,2;22,0;0,235;28 (TMSF);16,0;0,2;0,0;4,4;965;--
247,9;11,0;0,0;22,0;0,235;28 (TMSF);11,0;0,0;0,0;0,0;779;--
248,1;8,5;0,0;22,0;0,235;28 (TMSF);9,0;0,0;0,0;0,0;641;--
248,3;7,5;0,0;22,0;0,235;28 (TMSF);7,5;0,0;0,0;0,0;500;--
248,5;2,5;0,0;22,0;0,235;28 (TMSF);0,0;0,0;0,0;0,0;390;--
248,7;0,0;0,1;22,0;0,235;28 (TMSF);0,0;0,1;0,0;2,2;341;--
248,9;0,0;0,1;22,0;0,235;28 (TMSF);0,0;0,1;0,0;2,2;316;--
249,2;0,0;0,1;22,1;0,235;28 (TMSF);0,0;0,1;0,0;2,2;293;--
249,4;0,0;0,1;22,1;0,235;28 (TMSF);0,0;0,1;0,0;2,2;271;--
249,6;0,0;0,1;22,1;0,235;28 (TMSF);0,0;0,1;0,0;2,2;250;--
249,8;0,0;0,1;22,1;0,235;28 (TMSF);0,0;0,1;0,0;2,2;230;--
250,0;0,0;0,1;22,1;0,235;28 (TMSF);0,0;0,1;0,0;2,2;211;--
250,3;0,0;0,1;22,1;0,235;28 (TMSF);0,0;0,1;0,0;2,2;193;--
250,5;0,0;0,1;22,1;0,235;28 (TMSF);0,0;0,1;0,0;2,2;176;--
250,7;0,0;0,1;22,1;0,235;28 (TMSF);0,0;0,1;0,0;2,2;159;--
250,9;0,0;0,1;22,1;0,235;28 (TMSF);0,0;0,1;0,0;2,2;143;--
251,1;0,0;0,1;22,1;0,235;28 (TMSF);0,0;0,1;0,0;2,2;128;--
251,3;0,0;0,1;22,1;0,235;28 (TMSF);0,0;0,1;0,0;2,2;113;--
251,6;0,0;0,1;22,1;0,235;28 (TMSF);0,0;0,1;0,0;2,2;99;--
251,8;0,0;0,1;22,1;0,235;28 (TMSF);0,0;0,1;0,0;2,2;86;--
252,0;0,0;0,1;22,1;0,235;28 (TMSF);0,0;0,1;0,0;2,2;74;--
252,2;0,0;0,1;22,1;0,235;28 (TMSF);0,0;0,1;0,0;2,2;62;--
252,4;0,0;0,2;22,1;0,235;28 (TMSF);0,0;0,2;0,0;4,4;54;--
252,7;0,0;0,2;22,1;0,235;28 (TMSF);0,0;0,2;0,0;4,4;0;--
255,3;0,0;0,2;22,1;0,236;28 (TMSF);0,0;0,2;0,0;4,4;0;--
258,0;0,0;0,3;22,1;0,236;28 (TMSF);0,0;0,3;0,0;6,6;0;--
259,1;0,0;0,2;22,2;0,236;28 (TMSF);0,0;0,2;0,0;4,4;0;--
263,9;0,0;0,3;22,2;0,236;28 (TMSF);0,0;0,3;0,0;6,7;0;--
265,1;0,0;0,2;22,2;0,236;28 (TMSF);0,0;0,2;0,0;4,4;0;--
266,2;0,0;0,2;22,2;0,236;28 (TMSF);0,0;0,2;0,0;4,4;0;--
268,9;0,0;0,3;22,2;0,237;28 (TMSF);0,0;0,3;0,0;6,7;0;--
270,0;0,0;0,2;22,2;0,237;28 (TMSF);0,0;0,2;0,0;4,4;0;--
273,3;0,0;0,3;22,2;0,237;28 (TMSF);0,0;0,3;0,0;6,7;0;--
274,4;0,0;0,2;22,2;0,237;28 (TMSF);0,0;0,2;0,0;4,4;0;--
276,4;1,5;0,2;22,2;0,237;28 (TMSF);0,0;0,2;0,0;4,4;0;--
276,9;8,0;0,3;22,2;0,237;28 (TMSF);8,0;0,3;0,0;6,7;44;--
277,1;11,5;0,7;22,2;0,237;28 (TMSF);11,5;0,7;0,0;15,5;405;--
277,3;12,5;0,7;22,2;0,237;28 (TMSF);12,5;0,7;0,0;15,5;633;--
277,5;17,5;0,8;22,2;0,237;28 (TMSF);17,5;0,8;0,0;17,8;743;--
277,8;22,0;1,3;22,2;0,237;28 (TMSF);22,0;1,3;0,0;28,9;959;--
278,0;25,5;1,9;22,1;0,237;28 (TMSF);25,5;1,9;0,0;42,0;1180;--
278,2;28,5;2,6;22,1;0,238;28 (TMSF);28,5;9,1;0,0;57,5;1414;--
278,4;34,5;3,5;22,1;0,238;28 (TMSF);34,5;10,1;0,0;77,4;1641;--
278,6;41,5;4,5;22,1;0,238;28 (TMSF);41,0;11,0;0,0;99,5;1879;--
278,8;48,0;6,1;22,0;0,238;28 (TMSF);48,0;12,7;0,0;134,2;2148;--
279,1;54,0;7,4;22,0;0,239;28 (TMSF);53,0;14,0;0,0;162,8;2361;--
279,3;58,5;9,4;22,0;0,239;28 (TMSF);58,5;16,1;0,0;206,8;2594;--
279,5;63,5;10,7;21,9;0,239;28 (TMSF);63,0;17,0;0,0;234,3;2769;--
279,7;64,5;12,1;21,9;0,241;28 (TMSF);64,5;18,8;0,0;265,0;2914;--
279,9;68,5;13,5;21,9;0,241;28 (TMSF);68,5;19,7;0,0;295,7;3041;--
280,2;73,0;14,9;21,8;0,242;28 (TMSF);73,0;20,4;0,0;324,8;3159;--
280,4;74,5;16,0;21,8;0,242;28 (TMSF);74,0;21,6;0,0;348,8;3255;--
280,6;78,5;18,4;21,7;0,245;28 (TMSF);78,5;23,4;0,0;399,3;3389;--
280,8;82,5;19,4;21,7;0,245;28 (TMSF);82,0;23,7;0,0;421,0;3464;--
281,0;83,5;21,1;21,7;0,245;28 (TMSF);83,5;25,3;0,0;457,9;3565;--
281,2;87,5;23,2;21,6;0,248;28 (TMSF);87,5;26,5;0,0;501,1;3678;--
281,5;92,0;24,4;21,5;0,248;28 (TMSF);91,5;26,7;0,0;524,6;3756;--
281,7;94,5;27,1;21,5;0,251;28 (TMSF);93,5;29,0;0,0;582,7;3864;--
281,9;97,5;29,8;21,4;0,251;28 (TMSF);97,5;30,6;0,0;637,7;3975;--
282,1;99,5;31,9;21,4;0,251;28 (TMSF);99,5;32,1;0,0;682,7;4061;--
282,3;99,5;32,0;21,3;0,256;28 (TMSF);99,5;32,2;0,0;681,6;4072;--
282,6;99,5;32,1;21,3;0,256;28 (TMSF);99,5;32,3;0,0;683,7;4074;--
282,8;99,5;31,9;21,3;0,260;28 (TMSF);99,5;32,1;0,0;679,5;4071;--
283,0;99,5;31,8;21,3;0,260;28 (TMSF);99,5;32,0;0,0;677,3;4064;--
283,2;99,5;31,8;21,3;0,265;28 (TMSF);99,5;32,0;0,0;677,3;4060;--
283,4;99,5;31,8;21,3;0,265;28 (TMSF);99,5;32,0;0,0;677,3;4062;--
283,7;99,5;31,7;21,2;0,265;28 (TMSF);99,5;31,9;0,0;672,0;4059;--
283,9;99,5;31,7;21,2;0,269;28 (TMSF);99,5;31,9;0,0;672,0;4055;--
284,1;99,5;31,8;21,2;0,269;28 (TMSF);99,5;32,0;0,0;674,2;4050;--
284,3;99,5;31,8;21,2;0,274;28 (TMSF);99,5;32,0;0,0;674,2;4054;--
284,5;99,5;31,9;21,2;0,274;28 (TMSF);99,5;32,1;0,0;676,3;4052;--
284,7;99,5;31,6;21,2;0,278;28 (TMSF);99,5;31,8;0,0;669,9;4046;--
285,0;99,5;31,6;21,2;0,278;28 (TMSF);99,5;31,8;0,0;669,9;4043;--
285,2;99,5;31,6;21,2;0,278;28 (TMSF);99,5;31,8;0,0;669,9;4042;--
285,4;99,5;31,5;21,2;0,282;28 (TMSF);99,5;31,7;0,0;667,8;4043;--
285,6;99,5;31,5;21,2;0,282;28 (TMSF);99,5;31,7;0,0;667,8;4036;--
285,8;99,5;31,6;21,1;0,287;28 (TMSF);99,5;31,8;0,0;666,8;4039;--
286,1;99,5;31,6;21,1;0,287;28 (TMSF);99,5;31,8;0,0;666,8;4034;--
286,3;99,5;31,6;21,1;0,291;28 (TMSF);99,5;31,8;0,0;666,8;4031;--
286,5;99,5;31,6;21,1;0,291;28 (TMSF);99,5;31,8;0,0;666,8;4033;--
286,7;99,5;31,7;21,1;0,291;28 (TMSF);99,5;31,9;0,0;668,9;4031;--
286,9;99,5;31,6;21,1;0,296;28 (TMSF);99,5;31,8;0,0;666,8;4027;--
287,1;99,5;31,5;21,1;0,296;28 (TMSF);99,5;31,7;0,0;664,7;4030;--
287,4;99,5;31,7;21,1;0,300;28 (TMSF);99,5;31,9;0,0;668,9;4026;--
287,6;99,5;31,7;21,1;0,300;28 (TMSF);99,5;31,9;0,0;668,9;4025;--
287,8;99,5;31,5;21,1;0,300;28 (TMSF);99,5;31,7;0,0;664,7;4024;--
288,0;99,5;31,5;21,1;0,304;28 (TMSF);99,5;31,7;0,0;664,7;4020;--
288,2;99,5;31,4;21,1;0,304;28 (TMSF);99,5;31,6;0,0;662,5;4020;--
288,5;99,5;31,5;21,1;0,309;28 (TMSF);99,5;31,7;0,0;664,7;4020;--
288,7;99,5;31,4;21,1;0,309;28 (TMSF);99,5;31,6;0,0;662,5;4020;--
288,9;99,5;31,4;21,1;0,313;28 (TMSF);99,5;31,6;0,0;662,5;4019;--
289,1;99,5;31,4;21,1;0,313;29 (TMSF);99,5;31,6;0,0;662,5;4016;--
289,3;99,5;31,5;21,1;0,313;29 (TMSF);99,5;31,7;0,0;664,7;4015;--
289,5;99,5;31,3;21,1;0,317;29 (TMSF);99,5;31,5;0,0;660,4;4016;--
289,8;99,5;31,4;21,0;0,317;29 (TMSF);99,5;31,6;0,0;659,4;4010;--
290,0;99,5;31,5;21,0;0,322;29 (TMSF);99,5;31,7;0,0;661,5;4011;--
290,2;99,5;31,4;21,0;0,322;29 (TMSF);99,5;31,6;0,0;659,4;4007;--
290,4;99,5;31,3;21,0;0,326;29 (TMSF);99,5;31,5;0,0;657,3;4010;--
290,6;99,5;31,3;21,0;0,326;29 (TMSF);99,5;31,5;0,0;657,3;4008;--
290,9;99,5;31,3;21,0;0,326;29 (TMSF);99,5;31,5;0,0;657,3;4007;--
291,1;99,5;31,3;21,0;0,331;29 (TMSF);99,5;31,5;0,0;657,3;4009;--
291,3;99,5;31,1;21,0;0,331;29 (TMSF);99,5;31,3;0,0;653,1;4005;--
291,5;99,5;31,3;21,0;0,335;29 (TMSF);99,5;31,5;0,0;657,3;4010;--
291,7;99,5;31,4;21,0;0,335;29 (TMSF);99,5;31,6;0,0;659,4;4006;--
291,9;99,5;31,2;21,0;0,339;29 (TMSF);99,5;31,4;0,0;655,2;4009;--
292,2;99,5;31,1;21,0;0,339;29 (TMSF);99,5;31,3;0,0;653,1;4009;--
292,4;99,5;31,1;21,0;0,339;29 (TMSF);99,5;31,3;0,0;653,1;4011;--
292,6;99,5;31,2;21,0;0,344;29 (TMSF);99,5;31,4;0,0;655,2;4010;--
292,8;99,5;31,0;21,0;0,344;29 (TMSF);99,5;31,2;0,0;651,0;4008;--
293,0;99,5;30,8;21,0;0,348;29 (TMSF);99,5;31,0;0,0;646,8;4009;--
293,3;99,5;30,9;21,0;0,348;29 (TMSF);99,5;31,1;0,0;648,9;4004;--
293,5;99,5;31,0;21,0;0,348;29 (TMSF);99,5;31,2;0,0;651,0;4006;--
293,7;99,5;30,9;21,0;0,352;29 (TMSF);99,5;31,1;0,0;648,9;4005;--
293,9;99,5;30,9;21,0;0,352;29 (TMSF);99,5;31,1;0,0;648,9;4002;--
294,1;99,5;30,9;21,0;0,356;29 (TMSF);99,5;31,1;0,0;648,9;4003;--
294,3;99,5;30,9;21,0;0,356;29 (TMSF);99,5;31,1;0,0;648,9;4001;--
294,6;99,5;30,9;21,0;0,361;29 (TMSF);99,5;31,1;0,0;648,9;4003;--
294,8;99,5;30,8;21,0;0,361;29 (TMSF);99,5;31,0;0,0;646,8;4000;--
295,0;99,5;30,9;21,0;0,361;29 (TMSF);99,5;31,1;0,0;648,9;4003;--
295,2;99,5;30,9;21,0;0,365;29 (TMSF);99,5;31,1;0,0;648,9;3998;--
295,4;99,5;31,0;21,0;0,365;29 (TMSF);99,5;31,2;0,0;651,0;4001;--
295,7;99,5;30,9;21,0;0,369;29 (TMSF);99,5;31,1;0,0;648,9;4002;--
295,9;99,5;30,7;20,9;0,369;29 (TMSF);99,5;30,9;0,0;641,6;4003;--
296,1;99,5;30,7;20,9;0,374;29 (TMSF);99,5;30,9;0,0;641,6;4002;--
296,3;99,5;30,8;20,9;0,374;29 (TMSF);99,5;31,0;0,0;643,7;4003;--
296,5;99,5;30,7;20,9;0,374;29 (TMSF);99,5;30,9;0,0;641,6;3998;--
296,7;99,5;30,7;20,9;0,378;29 (TMSF);99,5;30,9;0,0;641,6;3995;--
297,0;99,5;30,8;20,9;0,378;29 (TMSF);99,5;31,0;0,0;643,7;3996;--
297,2;99,5;30,9;20,9;0,382;29 (TMSF);99,5;31,1;0,0;645,8;3994;--
297,4;99,5;30,9;20,9;0,382;29 (TMSF);99,5;31,1;0,0;645,8;3993;--
297,6;99,5;30,9;20,9;0,382;29 (TMSF);99,5;31,1;0,0;645,8;3991;--
297,8;99,5;30,8;20,9;0,386;29 (TMSF);99,5;31,0;0,0;643,7;3995;--
298,1;99,5;30,8;20,9;0,386;29 (TMSF);99,5;31,0;0,0;643,7;3990;--
298,3;99,5;30,8;20,9;0,391;29 (TMSF);99,5;31,0;0,0;643,7;3988;--
298,5;99,5;30,8;20,9;0,391;29 (TMSF);99,5;31,0;0,0;643,7;3986;--
298,7;99,5;30,7;20,9;0,395;29 (TMSF);99,5;30,9;0,0;641,6;3989;--
298,9;99,5;30,7;20,9;0,395;29 (TMSF);99,5;30,9;0,0;641,6;3986;--
299,2;99,5;30,9;20,9;0,395;29 (TMSF);99,5;31,1;0,0;645,8;3990;--
299,4;99,5;30,8;20,9;0,399;29 (TMSF);99,5;31,0;0,0;643,7;3988;--
299,6;99,5;30,5;20,9;0,399;29 (TMSF);99,5;30,7;0,0;637,5;3988;--
299,8;99,5;30,5;20,9;0,404;29 (TMSF);99,5;30,7;0,0;637,5;3985;--
300,0;99,5;30,8;20,9;0,404;29 (TMSF);99,5;31,0;0,0;643,7;3986;--
300,2;99,5;30,7;20,9;0,408;29 (TMSF);99,5;30,9;0,0;641,6;3983;--
300,5;99,5;30,8;20,9;0,408;29 (TMSF);99,5;31,0;0,0;643,7;3982;--
300,7;99,5;30,6;20,9;0,408;29 (TMSF);99,5;30,8;0,0;639,5;3979;--
300,9;99,5;30,5;20,9;0,412;29 (TMSF);99,5;30,7;0,0;637,5;3976;--
301,1;99,5;30,5;20,9;0,412;29 (TMSF);99,5;30,7;0,0;637,5;3976;--
301,3;99,5;30,6;20,9;0,416;29 (TMSF);99,5;30,8;0,0;639,5;3973;--
301,6;99,5;30,8;20,9;0,416;29 (TMSF);99,5;31,0;0,0;643,7;3975;--
301,8;99,5;30,6;20,8;0,421;29 (TMSF);99,5;30,8;0,0;636,5;3973;--
302,0;99,5;30,6;20,8;0,421;29 (TMSF);99,5;30,8;0,0;636,5;3976;--
302,2;99,5;30,6;20,8;0,421;29 (TMSF);99,5;30,8;0,0;636,5;3971;--
302,4;99,5;30,6;20,8;0,425;29 (TMSF);99,5;30,8;0,0;636,5;3974;--
302,6;99,5;30,7;20,8;0,425;29 (TMSF);99,5;30,9;0,0;638,6;3975;--
302,9;99,5;30,5;20,8;0,429;29 (TMSF);99,5;30,7;0,0;634,4;3975;--
303,1;99,5;30,4;20,8;0,429;29 (TMSF);99,5;30,6;0,0;632,3;3978;--
303,3;99,5;30,4;20,8;0,429;29 (TMSF);99,5;30,6;0,0;632,3;3979;--
303,5;99,5;30,5;20,8;0,433;29 (TMSF);99,5;30,7;0,0;634,4;3975;--
303,7;99,5;30,5;20,8;0,433;29 (TMSF);99,5;30,7;0,0;634,4;3971;--
304,0;99,5;30,6;20,8;0,438;29 (TMSF);99,5;30,8;0,0;636,5;3975;--
304,2;99,5;30,5;20,8;0,438;29 (TMSF);99,5;30,7;0,0;634,4;3973;--
304,4;99,5;30,4;20,8;0,442;29 (TMSF);99,5;30,6;0,0;632,3;3976;--
304,6;99,5;30,4;20,8;0,442;29 (TMSF);99,5;30,6;0,0;632,3;3973;--
304,8;99,5;30,5;20,8;0,442;29 (TMSF);99,5;30,7;0,0;634,4;3974;--
305,0;99,5;30,3;20,8;0,446;29 (TMSF);99,5;30,5;0,0;630,2;3971;--
305,3;99,5;30,4;20,8;0,446;29 (TMSF);99,5;30,6;0,0;632,3;3969;--
305,5;99,5;30,3;20,8;0,450;29 (TMSF);99,5;30,5;0,0;630,2;3972;--
305,7;99,5;30,2;20,8;0,450;29 (TMSF);99,5;30,4;0,0;628,2;3970;--
305,9;99,5;30,3;20,8;0,455;29 (TMSF);99,5;30,5;0,0;630,2;3975;--
306,1;99,5;30,1;20,8;0,455;29 (TMSF);99,5;30,3;0,0;626,1;3971;--
306,4;99,5;30,0;20,8;0,455;29 (TMSF);99,5;30,2;0,0;624,0;3971;--
306,6;99,5;30,1;20,8;0,459;29 (TMSF);99,5;30,3;0,0;626,1;3971;--
306,8;99,5;30,3;20,8;0,459;29 (TMSF);99,5;30,5;0,0;630,2;3967;--
307,0;99,5;30,3;20,7;0,463;29 (TMSF);99,5;30,5;0,0;627,2;3968;--
307,2;99,5;30,3;20,7;0,463;29 (TMSF);99,5;30,5;0,0;627,2;3961;--
307,4;99,5;30,2;20,7;0,467;29 (TMSF);99,5;30,4;0,0;625,1;3965;--
307,7;99,5;30,3;20,7;0,467;29 (TMSF);99,5;30,5;0,0;627,2;3961;--
307,9;99,5;30,2;20,7;0,467;29 (TMSF);99,5;30,4;0,0;625,1;3960;--
308,1;99,5;30,1;20,7;0,471;29 (TMSF);99,5;30,3;0,0;623,1;3961;--
308,3;99,5;30,2;20,7;0,471;29 (TMSF);99,5;30,4;0,0;625,1;3958;--
308,5;99,5;30,2;20,7;0,475;29 (TMSF);99,5;30,4;0,0;625,1;3960;--
308,8;99,5;30,1;20,7;0,475;29 (TMSF);99,5;30,3;0,0;623,1;3952;--
309,0;99,5;30,2;20,7;0,475;29 (TMSF);99,5;30,4;0,0;625,1;3948;--
309,2;99,5;30,1;20,7;0,480;29 (TMSF);99,5;30,3;0,0;623,1;3950;--
309,4;99,5;30,3;20,7;0,480;29 (TMSF);99,5;30,5;0,0;627,2;3945;--
309,6;99,5;30,3;20,7;0,484;29 (TMSF);99,5;30,5;0,0;627,2;3944;--
309,8;99,5;30,3;20,7;0,484;29 (TMSF);99,5;30,5;0,0;627,2;3948;--
310,1;99,5;30,3;20,7;0,488;29 (TMSF);99,5;30,5;0,0;627,2;3947;--
310,3;99,5;30,1;20,7;0,488;29 (TMSF);99,5;30,3;0,0;623,1;3946;--
310,5;99,5;30,1;20,6;0,488;29 (TMSF);99,5;30,3;0,0;620,1;3948;--
310,7;99,5;30,1;20,6;0,492;29 (TMSF);99,5;30,3;0,0;620,1;3946;--
310,9;99,5;29,9;20,6;0,492;29 (TMSF);99,5;30,1;0,0;615,9;3945;--
311,2;99,5;30,0;20,6;0,496;29 (TMSF);99,5;30,2;0,0;618,0;3947;--
311,4;99,5;30,0;20,6;0,496;29 (TMSF);99,5;30,2;0,0;618,0;3941;--
311,6;99,5;30,0;20,6;0,501;29 (TMSF);99,5;30,2;0,0;618,0;3940;--
311,8;99,5;29,9;20,6;0,501;30 (TMSF);99,5;30,1;0,0;615,9;3939;--
312,0;99,5;30,0;20,6;0,501;30 (TMSF);99,5;30,2;0,0;618,0;3935;--
312,2;99,5;30,0;20,6;0,505;30 (TMSF);99,5;30,2;0,0;618,0;3932;--
312,5;99,5;29,9;20,6;0,505;30 (TMSF);99,5;30,1;0,0;615,9;3935;--
312,7;99,5;29,9;20,6;0,509;30 (TMSF);99,5;30,1;0,0;615,9;3935;--
312,9;99,5;29,8;20,6;0,509;30 (TMSF);99,5;29,9;0,0;613,9;3934;--
313,1;99,5;29,7;20,5;0,509;30 (TMSF);99,5;29,8;0,0;608,9;3935;--
313,3;99,5;29,7;20,5;0,513;30 (TMSF);99,5;29,8;0,0;608,9;3932;--
313,6;99,5;29,7;20,5;0,513;30 (TMSF);99,5;29,8;0,0;608,9;3930;--
313,8;99,5;29,7;20,5;0,517;30 (TMSF);99,5;29,8;0,0;608,9;3929;--
314,0;99,5;29,9;20,5;0,517;30 (TMSF);99,5;30,1;0,0;613,0;3928;--
314,2;99,5;29,6;20,5;0,521;30 (TMSF);99,5;29,7;0,0;606,8;3923;--
314,4;99,5;29,6;20,5;0,521;30 (TMSF);99,5;29,7;0,0;606,8;3919;--
314,6;99,5;29,7;20,5;0,521;30 (TMSF);99,5;29,8;0,0;608,9;3916;--
314,9;99,5;29,7;20,5;0,526;30 (TMSF);99,5;29,8;0,0;608,9;3914;--
315,1;99,5;29,9;20,4;0,526;30 (TMSF);99,5;30,1;0,0;610,0;3912;--
315,3;99,5;29,7;20,4;0,530;30 (TMSF);99,5;29,8;0,0;605,9;3906;--
315,5;99,5;29,6;20,4;0,530;30 (TMSF);99,5;29,7;0,0;603,8;3905;--
315,7;99,5;29,5;20,4;0,534;30 (TMSF);99,5;29,6;0,0;601,8;3906;--
316,0;99,5;29,6;20,4;0,534;30 (TMSF);99,5;29,7;0,0;603,8;3903;--
316,2;99,5;29,4;20,4;0,534;30 (TMSF);99,5;29,5;0,0;599,8;3899;--
316,4;99,5;29,4;20,3;0,538;30 (TMSF);99,5;29,5;0,0;596,8;3894;--
316,6;99,5;29,4;20,3;0,538;30 (TMSF);99,5;29,5;0,0;596,8;3890;--
316,8;99,5;29,3;20,3;0,542;30 (TMSF);99,5;29,4;0,0;594,8;3888;--
317,1;99,5;29,5;20,3;0,542;30 (TMSF);99,5;29,6;0,0;598,9;3889;--
317,3;99,5;29,4;20,3;0,546;30 (TMSF);99,5;29,5;0,0;596,8;3890;--
317,5;99,5;29,1;20,2;0,546;30 (TMSF);99,5;29,2;0,0;587,8;3888;--
317,7;99,5;29,1;20,2;0,546;30 (TMSF);99,5;29,2;0,0;587,8;3884;--
317,9;99,5;29,2;20,2;0,550;30 (TMSF);99,5;29,3;0,0;589,8;3880;--
318,1;99,5;29,0;20,2;0,550;30 (TMSF);99,5;29,1;0,0;585,8;3877;--
318,4;99,5;29,0;20,2;0,554;30 (TMSF);99,5;29,1;0,0;585,8;3874;--
318,6;99,5;29,1;20,1;0,554;30 (TMSF);99,5;29,2;0,0;584,9;3869;--
318,8;99,5;29,1;20,1;0,554;30 (TMSF);99,5;29,2;0,0;584,9;3864;--
319,0;99,5;29,1;20,1;0,558;30 (TMSF);99,5;29,2;0,0;584,9;3861;--
319,2;99,5;28,8;20,1;0,558;30 (TMSF);99,5;28,9;0,0;578,9;3857;--
319,5;99,5;28,7;20,0;0,562;30 (TMSF);99,5;28,8;0,0;574,0;3857;--
319,7;99,5;28,7;20,0;0,562;30 (TMSF);99,5;28,8;0,0;574,0;3856;--
319,9;99,5;28,8;20,0;0,566;30 (TMSF);99,5;28,9;0,0;576,0;3854;--
320,1;99,5;28,6;20,0;0,566;30 (TMSF);99,5;28,7;0,0;572,0;3850;--
320,3;99,5;28,4;19,9;0,566;30 (TMSF);99,5;28,5;0,0;565,2;3844;--
320,5;99,5;28,4;19,9;0,570;30 (TMSF);99,5;28,5;0,0;565,2;3837;--
320,8;99,5;28,5;19,9;0,570;30 (TMSF);99,5;28,6;0,0;567,2;3833;--
321,0;99,5;28,5;19,9;0,574;30 (TMSF);99,5;28,6;0,0;567,2;3828;--
321,2;99,5;28,5;19,8;0,574;30 (TMSF);99,5;28,6;0,0;564,3;3825;--
321,4;99,5;28,3;19,8;0,578;30 (TMSF);99,5;28,4;0,0;560,3;3822;--
321,6;99,5;28,1;19,8;0,578;30 (TMSF);99,5;28,2;0,0;556,4;3817;--
321,9;99,5;28,1;19,7;0,578;30 (TMSF);99,5;28,2;0,0;553,6;3811;--
322,1;99,5;28,1;19,7;0,582;30 (TMSF);99,5;28,2;0,0;553,6;3807;--
322,3;99,5;27,8;19,7;0,582;30 (TMSF);99,5;27,9;0,0;547,7;3804;--
322,5;99,5;27,8;19,6;0,586;30 (TMSF);99,5;27,9;0,0;544,9;3796;--
322,7;96,0;26,7;19,6;0,586;30 (TMSF);96,0;27,8;0,0;523,3;3756;--
322,9;92,5;24,0;19,6;0,589;30 (TMSF);92,5;25,9;0,0;470,4;3658;--
323,2;91,0;22,6;19,6;0,589;30 (TMSF);91,0;24,8;0,0;443,0;3591;--
323,4;86,5;20,4;19,7;0,589;30 (TMSF);86,5;23,6;0,0;401,9;3482;--
323,6;86,0;19,4;19,7;0,592;30 (TMSF);86,0;22,6;0,0;382,2;3425;--
323,8;83,0;18,1;19,7;0,592;30 (TMSF);83,0;21,8;0,0;356,6;3349;--
324,0;82,0;17,5;19,7;0,595;30 (TMSF);82,0;21,3;0,0;344,8;3305;--
324,3;78,0;15,9;19,7;0,595;30 (TMSF);78,0;20,4;0,0;313,2;3202;--
324,5;74,5;15,1;19,7;0,595;30 (TMSF);75,0;20,1;0,0;297,5;3130;--
324,7;68,0;12,9;19,8;0,597;30 (TMSF);68,0;19,0;0,0;255,4;2981;--
324,9;62,5;9,7;19,8;0,597;30 (TMSF);62,5;15,5;0,0;192,1;2755;--
325,1;58,0;7,6;19,9;0,598;30 (TMSF);58,0;13,1;0,0;151,2;2565;--
325,3;54,0;6,7;19,9;0,598;30 (TMSF);54,0;12,4;0,0;133,3;2443;--
325,6;51,5;6,0;19,9;0,599;30 (TMSF);51,5;11,7;0,0;119,4;2345;--
325,8;48,5;4,9;20,0;0,599;30 (TMSF);48,5;10,1;0,0;98,0;2218;--
326,0;45,0;4,5;20,0;0,599;29 (TMSF);45,0;10,0;0,0;90,0;2139;--
326,2;43,0;3,7;20,0;0,600;29 (TMSF);43,0;8,6;0,0;74,0;2022;--
326,4;38,5;2,8;20,0;0,600;29 (TMSF);38,5;7,3;0,0;56,0;1871;--
326,7;33,5;2,0;20,1;0,600;29 (TMSF);33,5;6,0;0,0;40,2;1700;--
326,9;31,0;1,6;20,1;0,600;29 (TMSF);31,5;1,6;0,0;32,2;1590;--
327,1;28,5;1,1;20,1;0,600;29 (TMSF);28,5;1,1;0,0;22,1;1446;--
327,3;26,5;1,1;20,1;0,600;29 (TMSF);27,0;1,1;0,0;22,1;1369;--
327,5;21,5;0,5;20,1;0,600;29 (TMSF);21,5;0,5;0,0;10,1;1185;--
327,7;16,0;0,2;20,2;0,600;29 (TMSF);16,5;0,2;0,0;4,0;1013;--
328,0;11,5;0,0;20,2;0,600;29 (TMSF);12,0;0,0;0,0;0,0;775;--
328,2;7,0;0,0;20,2;0,600;29 (TMSF);7,0;0,0;0,0;0,0;524;--
328,4;1,5;0,0;20,2;0,600;29 (TMSF);0,0;0,0;0,0;0,0;376;--
328,6;0,5;0,1;20,2;0,600;29 (TMSF);0,0;0,1;0,0;2,0;344;--
328,8;0,0;0,1;20,2;0,600;29 (TMSF);0,0;0,1;0,0;2,0;320;--
329,1;0,0;0,1;20,2;0,600;29 (TMSF);0,0;0,1;0,0;2,0;298;--
329,3;0,0;0,1;20,2;0,600;29 (TMSF);0,0;0,1;0,0;2,0;277;--
329,5;0,0;0,1;20,2;0,600;29 (TMSF);0,0;0,1;0,0;2,0;257;--
329,7;0,0;0,1;20,2;0,600;29 (TMSF);0,0;0,1;0,0;2,0;238;--
329,9;0,0;0,1;20,2;0,600;29 (TMSF);0,0;0,1;0,0;2,0;219;--
330,1;0,0;0,1;20,2;0,600;29 (TMSF);0,0;0,1;0,0;2,0;201;--
330,4;0,0;0,1;20,2;0,600;29 (TMSF);0,0;0,1;0,0;2,0;184;--
330,6;0,0;0,2;20,2;0,600;29 (TMSF);0,0;0,2;0,0;4,0;168;--
330,8;0,0;0,2;20,3;0,600;29 (TMSF);0,0;0,2;0,0;4,1;152;--
331,0;0,0;0,1;20,3;0,600;29 (TMSF);0,0;0,1;0,0;2,0;137;--
331,2;0,0;0,2;20,3;0,600;29 (TMSF);0,0;0,2;0,0;4,1;122;--
331,5;0,0;0,1;20,3;0,600;29 (TMSF);0,0;0,1;0,0;2,0;108;--
331,7;0,0;0,1;20,3;0,600;29 (TMSF);0,0;0,1;0,0;2,0;94;--
331,9;0,0;0,2;20,3;0,600;29 (TMSF);0,0;0,2;0,0;4,1;82;--
332,1;0,0;0,1;20,3;0,600;29 (TMSF);0,0;0,1;0,0;2,0;71;--
332,3;0,0;0,1;20,3;0,600;29 (TMSF);0,0;0,1;0,0;2,0;60;--
332,5;0,0;0,1;20,3;0,600;29 (TMSF);0,0;0,1;0,0;2,0;51;--
332,8;0,0;0,1;20,3;0,600;29 (TMSF);0,0;0,1;0,0;2,0;0;--
333,9;0,0;0,2;20,3;0,601;29 (TMSF);0,0;0,2;0,0;4,1;0;THRT
339,3;0,0;0,3;20,3;0,601;29 (TMSF);0,0;0,3;0,0;6,1;0;THRT
340,4;0,0;0,2;17,6;0,601;29 (TMSF);0,0;0,2;0,0;3,5;0;VBAT, THRT
ESC RESET;--;--;--;SN: 0x220004cb;BL: 25;FW: 16;--;--;--;--;OK
343,4;0,0;0,2;0,4;0,000;29 (TMSF);0,0;0,2;0,0;0,1;0;THRT
344,7;0,0;0,1;0,4;0,000;29 (TMSF);0,0;0,1;0,0;0,0;0;THRT
345,9;0,0;0,2;0,4;0,000;29 (TMSF);0,0;0,2;0,0;0,1;0;THRT
348,0;0,0;0,3;0,4;0,000;29 (TMSF);0,0;0,3;0,0;0,1;0;THRT
349,1;0,0;0,2;0,4;0,000;29 (TMSF);0,0;0,2;0,0;0,1;0;THRT
350,2;0,0;0,2;0,4;0,000;29 (TMSF);0,0;0,2;0,0;0,1;0;THRT
351,3;0,0;0,2;0,4;0,000;29 (TMSF);0,0;0,2;0,0;0,1;0;THRT
352,5;0,0;0,3;0,4;0,000;29 (TMSF);0,0;0,3;0,0;0,1;0;THRT
353,6;0,0;0,2;0,4;0,000;29 (TMSF);0,0;0,2;0,0;0,1;0;THRT
354,7;0,0;0,2;0,3;0,000;29 (TMSF);0,0;0,2;0,0;0,1;0;THRT
356,3;0,0;0,3;0,3;0,000;29 (TMSF);0,0;0,3;0,0;0,1;0;THRT
357,4;0,0;0,2;0,3;0,001;29 (TMSF);0,0;0,2;0,0;0,1;0;THRT
358,5;0,0;0,2;0,3;0,001;28 (TMSF);0,0;0,2;0,0;0,1;0;THRT
359,9;0,0;0,3;0,3;0,001;28 (TMSF);0,0;0,3;0,0;0,1;0;THRT
361,0;0,0;0,3;0,3;0,001;28 (TMSF);0,0;0,3;0,0;0,1;0;THRT
362,1;0,0;0,3;0,3;0,001;28 (TMSF);0,0;0,3;0,0;0,1;0;THRT
363,2;0,0;0,2;0,3;0,001;28 (TMSF);0,0;0,2;0,0;0,1;0;THRT
364,3;0,0;0,2;0,3;0,001;28 (TMSF);0,0;0,2;0,0;0,1;0;THRT
365,7;0,0;0,3;0,3;0,001;28 (TMSF);0,0;0,3;0,0;0,1;0;THRT
366,8;0,0;0,3;0,3;0,001;28 (TMSF);0,0;0,3;0,0;0,1;0;THRT
367,9;0,0;0,3;0,3;0,001;28 (TMSF);0,0;0,3;0,0;0,1;0;THRT
369,0;0,0;0,2;0,3;0,002;28 (TMSF);0,0;0,2;0,0;0,1;0;THRT
370,1;0,0;0,2;0,3;0,002;28 (TMSF);0,0;0,2;0,0;0,1;0;THRT
371,2;0,0;0,2;0,3;0,002;28 (TMSF);0,0;0,2;0,0;0,1;0;THRT
